{
    "mae": 0.01729901480506053,
    "rmse": 0.021635705650927498,
    "r2": 0.8834869890298561
}