{
    "mae": 0.017200475534114384,
    "rmse": 0.021521188283672475,
    "r2": 0.8847171270239045
}