{
    "mae": 0.01720047553411438,
    "rmse": 0.02152118828367247,
    "r2": 0.8847171270239046
}