{
    "n_estimators": 643,
    "max_depth": 9,
    "learning_rate": 0.029200405282668207,
    "subsample": 0.9468441009230142,
    "colsample_bytree": 0.9663372624012395,
    "gamma": 0.008172203471279171,
    "lambda": 5.4673525198094755,
    "alpha": 4.935090186651557
}