{
    "mae": 0.01796170537673876,
    "rmse": 0.023634649712594255,
    "r2": 0.8609629204184965
}