{
    "mae": 0.031107221409663946,
    "rmse": 0.037506682895792454,
    "r2": 0.6498536445230334
}