{
    "mae": 0.01561616008558163,
    "rmse": 0.01964639802197055,
    "r2": 0.9039277031941735
}