{
    "mae": 0.015344552643393974,
    "rmse": 0.019247396817042826,
    "r2": 0.9077903662260945
}