{
    "mae": 0.015355511527394623,
    "rmse": 0.019244991910426234,
    "r2": 0.9078134074411354
}