{
    "mae": 0.0157426680001943,
    "rmse": 0.019757754324499843,
    "r2": 0.9028355360973074
}