{
    "mae": 0.03379406146483559,
    "rmse": 0.04019592470684279,
    "r2": 0.5978423401769689
}