{
    "mae": 0.027701206868159838,
    "rmse": 0.034906361397529236,
    "r2": 0.6967216151834077
}